,City,Country,Lat,Lng,Max Temp,Humidity,Cloudiness,Wind Speed,Current Description
0,Rikitea,PF,-23.1203,-134.9692,78.62,77,98,14.23,light rain
1,Uyovu,TZ,-3.2833,31.5258,63.77,88,84,1.39,light rain
2,New Norfolk,AU,-42.7826,147.0587,64.9,53,56,5.01,broken clouds
3,Hobart,AU,-42.8794,147.3294,65.26,82,75,13.8,broken clouds
4,Aitape,PG,-3.1374,142.3475,85.41,68,71,8.55,broken clouds
5,Talnakh,RU,69.4865,88.3972,-34.8,97,46,1.3,scattered clouds
6,Ushuaia,AR,-54.8,-68.3,46.06,61,0,3.44,light rain
7,Albany,US,42.6001,-73.9662,40.95,93,100,2.19,overcast clouds
8,Qaanaaq,GL,77.484,-69.3632,-17.63,85,100,5.17,overcast clouds
9,Vestmanna,FO,62.1564,-7.1664,34.72,87,100,1.14,overcast clouds
10,Luanda,AO,-8.8368,13.2343,78.8,89,75,1.14,broken clouds
11,Puerto Ayora,EC,-0.7393,-90.3518,73.54,95,47,3.0,scattered clouds
12,Castro,BR,-24.7911,-50.0119,55.31,96,100,3.87,overcast clouds
13,Korla,CN,41.7597,86.1469,21.87,47,97,4.41,overcast clouds
14,Bandarbeyla,SO,9.4942,50.8122,74.5,77,58,13.18,broken clouds
15,Avarua,CK,-21.2078,-159.775,82.45,61,40,6.91,scattered clouds
16,Mataura,NZ,-46.1927,168.8643,73.06,62,99,2.39,overcast clouds
17,Yellowknife,CA,62.456,-114.3525,-12.62,100,26,2.08,scattered clouds
18,Clyde River,CA,70.4692,-68.5914,-16.37,69,100,4.61,overcast clouds
19,Esperance,AU,-33.8667,121.9,73.26,50,1,17.94,clear sky
20,Bredasdorp,ZA,-34.5322,20.0403,60.22,61,100,10.16,overcast clouds
21,Abu Dhabi,AE,24.4667,54.3667,68.11,62,0,4.61,clear sky
22,Saint-Pierre,RE,-21.3393,55.4781,79.57,64,23,4.61,few clouds
23,Saskylakh,RU,71.9167,114.0833,-49.31,100,94,1.74,overcast clouds
24,Iranshahr,IR,27.2025,60.6848,48.54,37,0,9.22,clear sky
25,Geraldton,AU,-28.7667,114.6,102.61,10,1,21.85,clear sky
26,Dikson,RU,73.5069,80.5464,-15.23,99,100,1.83,overcast clouds
27,Jamestown,US,42.097,-79.2353,50.02,71,100,17.27,overcast clouds
28,East London,ZA,-33.0153,27.9116,66.88,90,100,9.17,moderate rain
29,Dongsheng,CN,39.8161,109.9776,23.65,31,1,8.08,clear sky
30,Alvinopolis,BR,-20.1067,-43.0489,68.29,97,100,3.11,overcast clouds
31,Bengkulu,ID,-3.8004,102.2655,79.79,74,94,4.9,overcast clouds
32,Cape Town,ZA,-33.9258,18.4232,61.21,73,75,19.57,broken clouds
33,Korsor,DK,55.3299,11.1386,43.99,100,100,32.57,light rain
34,Arraial Do Cabo,BR,-22.9661,-42.0278,73.54,94,100,9.42,overcast clouds
35,Aden,YE,12.7794,45.0367,77.02,76,16,14.67,light rain
36,Airai,TL,-8.9266,125.4092,74.12,58,91,5.68,overcast clouds
37,Lodwar,KE,3.1191,35.5973,75.29,48,0,2.51,clear sky
38,Kaeo,NZ,-35.1,173.7833,71.33,98,93,10.8,overcast clouds
39,Kamariotissa,GR,40.4833,25.4667,52.03,77,99,12.95,overcast clouds
40,Guerrero Negro,MX,27.9769,-114.0611,61.11,76,7,8.28,clear sky
41,Hofn,IS,64.2539,-15.2082,32.23,86,97,9.71,overcast clouds
42,Remedios,CU,22.4947,-79.5458,74.32,81,0,11.63,clear sky
43,Norman Wells,CA,65.282,-126.8329,-12.96,77,20,9.22,few clouds
44,Plettenberg Bay,ZA,-34.0527,23.3716,59.86,91,100,7.0,moderate rain
45,Hermanus,ZA,-34.4187,19.2345,56.8,65,100,13.76,overcast clouds
46,Letpadan,MM,17.7833,95.75,77.81,46,1,10.49,clear sky
47,Barrow,US,71.2906,-156.7887,3.22,85,100,13.8,mist
48,Hamilton,US,39.1834,-84.5333,46.09,76,0,6.91,clear sky
49,Busselton,AU,-33.65,115.3333,82.98,37,0,10.69,clear sky
50,Ledyard,US,41.4398,-72.0142,50.18,95,100,10.36,overcast clouds
51,Grootfontein,NA,-19.5667,18.1167,62.17,88,100,2.3,overcast clouds
52,Terrace Bay,CA,48.7834,-87.1,9.72,81,99,19.37,overcast clouds
53,Slave Lake,CA,55.2834,-114.769,3.18,85,0,0.0,clear sky
54,Bathsheba,BB,13.2167,-59.5167,77.61,83,75,20.71,light rain
55,Ventspils,LV,57.3894,21.5606,31.93,100,100,12.66,light snow
56,Punta Arenas,CL,-53.15,-70.9167,46.51,87,100,13.8,light rain
57,Te Anau,NZ,-45.4167,167.7167,63.43,80,100,1.54,light rain
58,Camacha,PT,33.0833,-16.3333,56.62,72,20,4.61,few clouds
59,Iqaluit,CA,63.7506,-68.5145,-11.47,77,100,29.93,light snow
60,Laguna,US,38.421,-121.4238,64.38,71,100,24.16,overcast clouds
61,Pangnirtung,CA,66.1451,-65.7125,2.53,89,100,3.78,overcast clouds
62,Ribeira Grande,PT,38.5167,-28.7,57.78,81,20,4.0,few clouds
63,Tandil,AR,-37.3217,-59.1332,71.69,43,16,7.45,few clouds
64,Itarema,BR,-2.9248,-39.9167,79.47,75,35,15.99,scattered clouds
65,Najran,SA,17.4924,44.1277,57.85,48,30,7.09,scattered clouds
66,Kavieng,PG,-2.5744,150.7967,84.42,69,42,6.24,scattered clouds
67,Vostok,RU,46.4856,135.8833,4.69,82,50,5.32,scattered clouds
68,Jeremoabo,BR,-10.075,-38.4808,70.66,91,64,7.23,broken clouds
69,Khatanga,RU,71.9667,102.5,-47.33,100,95,2.59,overcast clouds
70,Komsomolskiy,UZ,40.4272,71.7189,30.92,86,7,6.91,mist
71,Aklavik,CA,68.2191,-135.0107,-15.03,100,94,2.26,overcast clouds
72,Margate,GB,51.3813,1.3862,51.12,85,100,4.0,overcast clouds
73,Fortuna,US,40.5982,-124.1573,54.66,95,100,23.02,heavy intensity rain
74,Port Alfred,ZA,-33.5906,26.891,64.18,91,100,9.48,moderate rain
75,Tessalit,ML,20.1986,1.0114,59.94,27,99,10.33,overcast clouds
76,Bluff,NZ,-46.6,168.3333,60.37,90,100,5.88,moderate rain
77,Pevek,RU,69.7008,170.3133,-30.05,95,100,5.46,overcast clouds
78,Provideniya,RU,64.3833,-173.3,2.28,93,100,7.74,overcast clouds
79,Hasaki,JP,35.7333,140.8333,46.8,32,0,14.7,clear sky
80,Pine Bluff,US,34.2284,-92.0032,48.13,72,0,3.44,clear sky
81,Waddan,LY,29.1614,16.139,53.37,66,52,5.41,broken clouds
82,Upernavik,GL,72.7868,-56.1549,-21.05,84,25,10.63,scattered clouds
83,Mandurah,AU,-32.55,115.7,90.88,35,0,10.02,clear sky
84,Weyburn,CA,49.6668,-103.8511,-0.18,78,77,6.91,broken clouds
85,Gao,ML,16.6362,1.637,60.64,23,5,12.24,clear sky
86,Nikolskoye,RU,59.7035,30.7861,13.78,93,88,5.7,light snow
87,Bilma,NE,18.6853,12.9164,55.85,36,69,8.03,broken clouds
88,Namibe,AO,-15.1961,12.1522,72.01,78,28,8.37,scattered clouds
89,Sao Filipe,CV,14.8961,-24.4956,74.55,69,100,7.02,overcast clouds
90,Port Hedland,AU,-20.3167,118.5667,104.05,14,99,18.41,overcast clouds
91,Benguela,AO,-12.5763,13.4055,76.66,85,100,1.99,overcast clouds
92,Alanya,TR,36.5438,31.9998,44.73,26,0,6.15,clear sky
93,Alice Springs,AU,-23.7,133.8833,78.35,50,100,14.97,overcast clouds
94,Paamiut,GL,61.994,-49.6678,27.54,81,100,29.46,light snow
95,Vaitape,PF,-16.5167,-151.75,81.5,74,76,13.62,light rain
96,Faya,SA,18.3851,42.4509,54.12,48,7,5.32,clear sky
97,Eureka,US,40.8021,-124.1637,54.93,91,100,11.01,heavy intensity rain
98,Sinnamary,GF,5.3833,-52.95,75.94,90,100,11.23,light rain
99,Aqtobe,KZ,50.2797,57.2072,33.89,93,100,13.42,overcast clouds
100,Kahului,US,20.8947,-156.47,76.96,88,40,14.97,light rain
101,Sept-Iles,CA,50.2001,-66.3821,6.8,56,0,9.22,clear sky
102,Hilo,US,19.7297,-155.09,76.73,84,100,5.75,light rain
103,Kapaa,US,22.0752,-159.319,78.78,86,75,9.22,broken clouds
104,Lebu,CL,-37.6167,-73.65,58.19,93,99,15.37,overcast clouds
105,Victoria,HK,22.2855,114.1577,68.05,78,100,8.01,overcast clouds
106,Yarada,IN,17.65,83.2667,75.52,73,75,6.91,mist
107,Katsuura,JP,35.1333,140.3,46.51,37,6,9.46,clear sky
108,Broken Hill,AU,-31.95,141.4333,76.37,23,0,18.16,clear sky
109,Constitucion,CL,-35.3333,-72.4167,57.0,89,49,6.49,scattered clouds
110,Malanje,AO,-9.5402,16.341,64.24,99,100,5.23,moderate rain
111,Taoudenni,ML,22.6783,-3.9836,60.22,19,4,10.87,clear sky
112,Qaqortoq,GL,60.7167,-46.0333,23.61,62,100,17.72,overcast clouds
113,Chokurdakh,RU,70.6333,147.9167,-48.64,100,63,1.3,broken clouds
114,Macomer,IT,40.262,8.7699,42.67,92,0,1.74,clear sky
115,Uravakonda,IN,14.95,77.2667,70.25,78,5,13.11,clear sky
116,Lavrentiya,RU,65.5833,-171.0,0.32,94,99,5.44,overcast clouds
117,Torbay,CA,47.6666,-52.7314,38.57,95,100,16.11,light rain
118,Shubarshi,KZ,48.5872,57.1869,30.22,95,100,6.73,overcast clouds
119,Antsohihy,MG,-14.8796,47.9875,73.18,90,82,3.06,broken clouds
120,Mecca,SA,21.4267,39.8261,66.51,65,82,6.53,broken clouds
121,Kutum,SD,14.2,24.6667,52.68,37,10,8.37,clear sky
122,Lagoa,PT,39.05,-27.9833,58.23,74,52,17.47,broken clouds
123,Tiksi,RU,71.6872,128.8694,-30.21,100,98,1.07,overcast clouds
124,Hithadhoo,MV,-0.6,73.0833,81.32,63,11,10.13,few clouds
125,Salalah,OM,17.0151,54.0924,71.69,83,20,2.3,few clouds
126,Olavarria,AR,-36.8927,-60.3225,68.2,38,6,8.39,clear sky
127,Takoradi,GH,4.8845,-1.7554,77.74,80,44,4.65,scattered clouds
128,Chuy,UY,-33.6971,-53.4616,64.22,64,2,8.21,clear sky
129,Tasiilaq,GL,65.6145,-37.6368,8.76,65,100,5.95,overcast clouds
130,Narsaq,GL,60.9167,-46.05,32.22,65,100,15.82,overcast clouds
131,Saint George,US,37.1041,-113.5841,44.44,83,100,3.44,overcast clouds
132,Naryan-Mar,RU,67.6713,53.087,-5.17,96,100,16.89,light snow
133,Mar Del Plata,AR,-38.0023,-57.5575,72.09,43,0,16.11,light rain
134,Loandjili,CG,-4.7561,11.8578,76.91,88,90,7.25,light rain
135,Namatanai,PG,-3.6667,152.4333,85.77,66,68,6.98,broken clouds
136,Xai-Xai,MZ,-25.0519,33.6442,74.98,87,97,4.65,light rain
137,Yenagoa,NG,4.9247,6.2642,74.61,86,60,2.46,broken clouds
138,Ust-Tsilma,RU,65.441,52.1498,-1.46,98,98,4.32,overcast clouds
139,Mahebourg,MU,-20.4081,57.7,75.49,88,75,5.75,light rain
140,La Presa,US,32.7081,-116.9973,61.59,91,100,8.05,mist
141,Sampang,ID,-7.1872,113.2394,81.93,75,100,15.03,overcast clouds
142,Zhezkazgan,KZ,47.8043,67.7144,33.78,93,100,20.13,drizzle
143,Itamaraju,BR,-17.0392,-39.5311,71.76,97,100,4.61,overcast clouds
144,Hazro,PK,33.9091,72.4921,42.73,26,0,2.62,clear sky
145,Ancud,CL,-41.8697,-73.8203,55.17,94,1,0.67,clear sky
146,Mount Gambier,AU,-37.8333,140.7667,69.31,47,3,12.59,clear sky
147,Maumere,ID,-8.6199,122.2111,82.96,78,79,11.12,broken clouds
148,Maromitsa,RU,59.8683,48.0123,-7.58,99,100,3.96,overcast clouds
149,Roura,GF,4.7263,-52.3274,75.11,94,75,2.3,light rain
150,Byron Bay,AU,-28.65,153.6167,78.71,78,100,2.73,light rain
151,Aasiaat,GL,68.7098,-52.8699,-14.06,93,66,7.85,broken clouds
152,Fort Nelson,CA,58.8053,-122.7002,-0.81,85,0,3.44,clear sky
153,Vostochnyy,RU,55.8167,37.8667,26.87,95,98,6.35,overcast clouds
154,Mackay,AU,-21.15,149.2,92.68,66,52,11.16,broken clouds
155,Moreira Sales,BR,-24.0622,-53.0069,62.6,82,87,5.99,overcast clouds
156,Julio De Castilhos,BR,-29.2269,-53.6817,66.96,37,2,3.24,clear sky
157,Berlevag,NO,70.8578,29.0864,23.0,93,75,6.91,light snow
158,College,US,64.8569,-147.8028,-0.08,79,75,4.61,broken clouds
159,Majene,ID,-3.5403,118.9707,82.94,70,100,3.85,overcast clouds
160,Vestmannaeyjar,IS,63.4427,-20.2734,28.31,75,99,13.22,overcast clouds
161,Longyearbyen,SJ,78.2186,15.6401,30.04,93,75,13.8,light shower snow
162,Lasa,IT,46.6166,10.7002,44.35,68,100,5.55,overcast clouds
163,Honiara,SB,-9.4333,159.95,79.32,90,85,9.08,moderate rain
164,Vizinga,RU,61.0749,50.1031,-10.41,99,100,1.88,overcast clouds
165,Tual,ID,-5.6667,132.75,83.71,77,77,17.96,broken clouds
166,Sitka,US,57.0531,-135.33,42.69,81,100,6.91,light rain
167,Los Aquijes,PE,-14.0967,-75.6908,70.63,70,82,2.42,broken clouds
168,Celestun,MX,20.8667,-90.4,75.87,87,19,11.34,few clouds
169,Meulaboh,ID,4.1363,96.1285,80.56,76,100,1.48,overcast clouds
170,Nijar,ES,36.9665,-2.206,49.64,82,0,9.22,clear sky
171,Killybegs,IE,54.6333,-8.45,46.94,92,100,10.51,overcast clouds
172,Sulphur,US,30.2366,-93.3774,59.0,71,0,5.75,clear sky
173,Codrington,AU,-38.2667,141.9667,66.76,55,44,15.43,scattered clouds
174,San Quintin,MX,30.4833,-115.95,59.11,85,35,0.94,scattered clouds
175,At-Bashi,KG,41.1702,75.8106,10.4,72,28,4.12,scattered clouds
176,Tabas,IR,33.5959,56.9244,39.42,35,100,0.0,overcast clouds
177,Coralville,US,41.6764,-91.5805,32.23,85,100,10.36,overcast clouds
178,Denpasar,ID,-8.65,115.2167,85.71,74,40,24.16,scattered clouds
179,Tuktoyaktuk,CA,69.4541,-133.0374,5.0,85,100,6.91,light snow
180,Tecoanapa,MX,16.5167,-98.75,76.78,78,0,4.16,clear sky
181,Balotra,IN,25.8333,72.2333,47.88,28,0,9.31,clear sky
182,Thompson,CA,55.7435,-97.8558,8.76,92,40,4.61,scattered clouds
183,Shache,CN,38.4167,77.2406,25.45,41,1,0.76,clear sky
184,Nanortalik,GL,60.1432,-45.2371,23.68,72,100,21.85,overcast clouds
185,Sterling,US,39.0062,-77.4286,62.71,89,20,11.99,few clouds
186,Acapulco,MX,16.8634,-99.8901,78.62,78,40,2.3,scattered clouds
187,Makakilo City,US,21.3469,-158.0858,75.52,83,100,10.36,light rain
188,Manacapuru,BR,-3.2997,-60.6206,74.93,93,78,4.79,broken clouds
189,Kostino,RU,58.9097,53.2691,-1.64,98,99,4.54,overcast clouds
190,Portland,US,45.5234,-122.6762,46.98,76,100,28.77,overcast clouds
191,Carnarvon,AU,-24.8667,113.6333,83.82,66,2,12.39,clear sky
192,Ostrovnoy,RU,68.0531,39.5131,24.1,68,100,24.94,overcast clouds
193,Havre-Saint-Pierre,CA,50.2334,-63.5986,8.6,60,0,10.36,clear sky
194,Cuddapah,IN,14.4667,78.8167,74.64,74,3,5.44,clear sky
195,Caravelas,BR,-17.7125,-39.2481,76.59,87,100,8.86,overcast clouds
196,Sal Rei,CV,16.1833,-22.9167,73.18,76,100,18.1,overcast clouds
197,Chicama,PE,-7.8447,-79.1469,63.14,76,100,5.21,overcast clouds
198,Luderitz,NA,-26.6481,15.1594,61.9,76,0,20.42,clear sky
199,Saint-Philippe,RE,-21.3585,55.7679,74.79,80,55,10.51,light rain
200,Cherskiy,RU,68.75,161.3,-52.1,100,71,3.09,broken clouds
201,Munsingen,DE,48.4113,9.497,48.52,90,100,17.29,overcast clouds
202,Pendleton,US,45.6721,-118.7886,45.21,81,100,10.0,moderate rain
203,Tarsus,TR,36.9188,34.8784,39.58,27,0,6.22,clear sky
204,Kozhva,RU,65.1073,57.0459,-14.55,100,100,1.39,overcast clouds
205,Georgetown,MY,5.4112,100.3354,84.13,74,20,9.22,few clouds
206,Redcliffe,AU,-27.2307,153.0973,81.43,74,75,3.44,broken clouds
207,Muros,ES,42.7762,-9.0603,51.1,95,34,2.28,scattered clouds
208,Ciudad Bolivar,VE,8.1222,-63.5497,75.74,81,99,11.05,overcast clouds
209,Aksu,CN,41.1231,80.2644,24.15,43,11,2.86,few clouds
210,Podporozhye,RU,60.9112,34.1706,1.71,97,87,4.41,overcast clouds
211,Bereda,ES,43.2686,-7.5406,44.58,100,10,1.16,clear sky
212,Zenzeli,RU,45.9241,47.0474,40.59,49,99,14.63,overcast clouds
213,Butaritari,KI,3.0707,172.7902,81.21,72,92,16.55,overcast clouds
214,Itoman,JP,26.1247,127.6694,68.02,49,40,19.57,scattered clouds
215,Mamallapuram,IN,12.6264,80.1722,78.85,64,23,14.54,few clouds
216,Port Elizabeth,ZA,-33.918,25.5701,63.32,90,20,9.22,light rain
217,Coquimbo,CL,-29.9533,-71.3436,62.33,88,100,4.61,overcast clouds
218,Jasper,US,37.2001,-94.3502,44.26,53,100,9.22,overcast clouds
219,Pincher Creek,CA,49.4833,-113.952,28.51,63,0,12.66,clear sky
220,La Ronge,CA,55.1001,-105.2842,10.65,85,75,5.75,broken clouds
221,San Cristobal,VE,7.7669,-72.225,68.18,97,86,0.92,overcast clouds
222,Tambura,SS,5.6,27.4667,72.34,38,3,5.61,clear sky
223,Vaini,TO,-21.2,-175.2,78.96,94,100,12.66,heavy intensity rain
224,Saldanha,ZA,-33.0117,17.9442,60.85,71,15,29.48,few clouds
225,Alofi,NU,-19.0595,-169.9187,82.29,65,100,11.5,overcast clouds
226,Atuona,PF,-9.8,-139.0333,78.94,70,0,19.22,clear sky
227,Eenhana,NA,-17.4667,16.3333,64.63,84,100,6.35,overcast clouds
228,Srednekolymsk,RU,67.45,153.6833,-43.53,100,96,1.77,overcast clouds
229,Okhotsk,RU,59.3833,143.3,-0.29,81,85,12.55,overcast clouds
230,Amapa,BR,1.0,-52.0,70.7,99,100,1.59,overcast clouds
231,Shenzhen,CN,22.5455,114.0683,67.95,83,100,4.68,overcast clouds
232,Ahipara,NZ,-35.1667,173.1667,75.24,74,33,8.86,scattered clouds
233,Lebedinyy,RU,58.5167,125.5167,-9.83,91,99,6.82,overcast clouds
234,Souillac,MU,-20.5167,57.5167,75.58,88,75,5.75,light rain
235,Sao Joao Da Barra,BR,-21.6403,-41.0511,74.89,95,100,8.41,heavy intensity rain
236,Baker City,US,44.7749,-117.8344,33.51,82,100,14.97,overcast clouds
237,Londoko,RU,49.0333,131.9833,5.29,83,91,4.43,overcast clouds
238,Severo-Kurilsk,RU,50.6789,156.125,23.92,63,87,9.64,overcast clouds
239,Rawson,AR,-43.3002,-65.1023,70.92,37,42,7.14,scattered clouds
240,Lincoln,US,40.8,-96.667,33.71,70,100,17.27,overcast clouds
241,Nyurba,RU,63.2842,118.3319,-37.1,100,95,4.03,overcast clouds
242,Kaka,TM,37.3482,59.6143,50.07,21,40,2.71,scattered clouds
243,Wairoa,NZ,-39.0333,177.3667,63.43,95,100,4.97,overcast clouds
244,Lorengau,PG,-2.0226,147.2712,85.6,71,99,11.77,overcast clouds
245,Haines Junction,CA,60.7522,-137.5108,8.55,92,98,2.3,overcast clouds
246,Rosita,NI,13.9268,-84.4032,69.73,99,8,2.21,clear sky
247,Richards Bay,ZA,-28.783,32.0377,72.75,92,99,12.24,light rain
248,Paita,PE,-5.0892,-81.1144,68.31,80,100,10.02,overcast clouds
249,Aykhal,RU,66.0,111.5,-32.37,100,100,2.24,overcast clouds
250,Klaksvik,FO,62.2266,-6.589,36.52,77,26,3.47,scattered clouds
251,Maragogi,BR,-9.0122,-35.2225,76.08,86,43,6.93,scattered clouds
252,Vila Franca Do Campo,PT,37.7167,-25.4333,61.21,96,100,11.81,light rain
253,Nome,US,64.5011,-165.4064,15.17,100,0,0.0,clear sky
254,Cabo San Lucas,MX,22.8909,-109.9124,71.62,72,0,3.44,clear sky
255,Liuzhou,CN,24.3126,109.3892,61.0,55,100,6.15,overcast clouds
256,Ilulissat,GL,69.2167,-51.1,1.42,42,9,6.91,clear sky
257,Elmadag,TR,39.9208,33.2308,33.35,81,24,3.83,few clouds
258,Aleksandrov Gay,RU,50.147,48.5704,26.83,78,80,9.75,broken clouds
259,Lowestoft,GB,52.4752,1.7516,51.42,87,76,18.1,broken clouds
260,Kindu,CD,-2.95,25.95,69.53,99,99,0.6,moderate rain
261,Ponta Do Sol,PT,32.6667,-17.1,61.72,79,6,4.41,clear sky
262,Nishihara,JP,26.1842,127.7558,67.28,48,40,19.57,scattered clouds
263,Sao Carlos,BR,-22.0175,-47.8908,65.55,98,100,5.66,overcast clouds
264,Orel,RU,52.9658,36.0803,30.54,83,100,10.78,overcast clouds
265,Ahmadpur,IN,18.7,76.9333,70.59,66,61,9.24,broken clouds
266,Denison,US,33.7557,-96.5367,49.17,58,0,4.0,clear sky
267,Asau,RO,46.4333,26.4,38.28,68,85,7.47,overcast clouds
268,Cabedelo,BR,-6.9811,-34.8339,77.67,79,7,8.9,clear sky
269,Pobe,BJ,6.9801,2.6649,68.99,68,59,2.95,broken clouds
270,Deputatskiy,RU,69.3,139.9,-33.11,95,100,2.39,overcast clouds
271,Petropavlovsk-Kamchatskiy,RU,53.0452,158.6483,14.59,62,0,2.24,clear sky
272,Manoel Urbano,BR,-8.8389,-69.2597,71.92,99,100,1.45,overcast clouds
273,Sobolevo,RU,54.4299,31.8996,29.61,97,100,9.28,snow
274,Sovetsk,RU,55.0839,21.8785,43.07,97,100,13.24,overcast clouds
275,Ajdabiya,LY,30.7554,20.2263,62.37,44,99,5.06,overcast clouds
276,Kodiak,US,57.79,-152.4072,33.31,100,100,3.44,light snow
277,Lata,PT,40.1629,-8.3327,41.63,76,13,3.69,few clouds
278,Tlaxco,MX,19.6167,-98.1167,49.84,89,30,4.59,scattered clouds
279,Sola,VU,-13.8833,167.55,81.32,77,99,16.89,light rain
280,Zyryanka,RU,65.75,150.85,-48.68,100,69,3.02,broken clouds
281,Cayenne,GF,4.9333,-52.3333,75.24,94,75,2.3,broken clouds
282,Pangkalanbuun,ID,-2.6833,111.6167,86.11,63,99,5.79,overcast clouds
283,Pochutla,MX,15.7432,-96.4661,77.83,81,0,3.89,clear sky
284,Sovetskiy,RU,61.3614,63.5842,-11.04,98,100,4.18,overcast clouds
285,Karratha,AU,-20.7377,116.8463,91.8,48,61,14.38,broken clouds
286,Kampot,KH,10.6167,104.1833,82.45,61,100,16.44,overcast clouds
287,Antalaha,MG,-14.9003,50.2788,72.95,82,99,4.97,overcast clouds
288,Kalianget,ID,-7.05,113.9333,82.06,74,100,14.07,overcast clouds
289,Bethel,US,41.3712,-73.414,53.38,88,100,8.05,mist
290,Kousseri,CM,12.0769,15.0306,66.16,30,63,9.22,dust
291,Trincomalee,LK,8.5711,81.2335,79.21,78,68,14.34,broken clouds
292,Wollongong,AU,-34.4333,150.8833,72.07,64,87,19.22,overcast clouds
293,Isangel,VU,-19.55,169.2667,83.08,73,100,5.37,overcast clouds
294,Port Lincoln,AU,-34.7333,135.8667,66.58,54,71,13.38,broken clouds
295,Tikrit,IQ,34.6071,43.6782,49.5,86,85,12.06,overcast clouds
296,Port Keats,AU,-14.25,129.55,84.92,76,46,18.37,scattered clouds
297,Baghdad,IQ,33.3406,44.4009,48.11,100,75,12.66,fog
298,San Patricio,US,28.017,-97.5169,64.83,35,21,4.47,few clouds
299,Outlook,CA,51.5001,-107.0513,0.63,97,100,5.39,overcast clouds
300,Zhicheng,CN,30.2956,111.5047,53.47,42,99,1.28,overcast clouds
301,Beringovskiy,RU,63.05,179.3167,-14.03,94,99,11.32,overcast clouds
302,Rovigo,IT,45.08,11.793,51.01,91,90,6.15,overcast clouds
303,Payakumbuh,ID,-0.2202,100.6308,79.32,72,100,1.36,overcast clouds
304,Logan,US,41.7355,-111.8344,26.92,81,84,1.99,broken clouds
305,Mutsu,JP,41.2894,141.2169,33.28,59,81,21.45,broken clouds
306,Champerico,GT,14.3,-91.9167,78.3,78,0,8.9,clear sky
307,Haverfordwest,GB,51.8017,-4.9691,54.57,94,100,3.0,overcast clouds
308,Roela,EE,59.1667,26.5926,20.12,81,100,9.46,overcast clouds
309,Atar,MR,20.5169,-13.0499,62.96,17,57,8.57,broken clouds
310,Russell,US,32.3502,-85.1999,53.2,93,0,3.44,clear sky
311,Tautira,PF,-17.7333,-149.15,79.83,81,93,13.96,overcast clouds
312,Acarau,BR,-2.8856,-40.12,79.54,76,40,16.91,scattered clouds
313,Urucara,BR,-2.5364,-57.76,72.75,97,99,2.24,overcast clouds
314,Kovdor,RU,67.5662,30.4758,5.27,100,100,4.34,overcast clouds
315,Harper,LR,4.375,-7.7169,77.18,79,98,4.81,overcast clouds
316,Kaitangata,NZ,-46.2817,169.8464,64.96,76,100,6.04,overcast clouds
317,Calabozo,VE,8.9242,-67.4293,78.06,56,91,7.38,overcast clouds
318,Carballo,ES,43.213,-8.691,53.87,94,3,3.62,clear sky
319,Clifton,US,40.8584,-74.1638,60.21,91,100,6.91,mist
320,Freeport,US,40.6576,-73.5832,56.37,91,100,5.01,mist
321,Marawi,PH,7.9986,124.2928,80.55,64,98,1.5,overcast clouds
322,Cholet,FR,47.1667,-1.0,54.64,97,100,10.65,overcast clouds
323,Leningradskiy,RU,69.3833,178.4167,-18.26,96,100,9.95,overcast clouds
324,Mian Channun,PK,30.44,72.3543,49.77,21,0,1.14,clear sky
325,Rocha,UY,-34.4833,-54.3333,54.55,81,0,2.86,clear sky
326,Bambous Virieux,MU,-20.3428,57.7575,75.45,88,75,5.75,light rain
327,Husavik,IS,66.0449,-17.3389,21.45,84,99,6.8,overcast clouds
328,Santiago Del Estero,AR,-27.7951,-64.2615,79.2,28,0,8.32,clear sky
329,Teofilo Otoni,BR,-17.8575,-41.5053,70.32,98,98,2.37,overcast clouds
330,Pitimbu,BR,-7.4706,-34.8086,77.59,77,8,7.4,clear sky
331,Liverpool,GB,53.4106,-2.9779,51.1,83,76,11.5,broken clouds
332,Fayaoue,NC,-20.65,166.5333,81.45,59,49,4.05,scattered clouds
333,Puka,EE,58.0559,26.2436,24.15,80,100,12.48,overcast clouds
334,Kattivakkam,IN,13.2167,80.3167,78.89,64,24,14.05,few clouds
335,Usinsk,RU,65.9939,57.5281,-2.06,96,100,3.78,overcast clouds
336,Pandamatenga,BW,-18.5278,25.627,65.53,86,99,3.71,overcast clouds
337,Lisieux,FR,49.1667,0.1667,53.11,92,100,13.13,overcast clouds
338,Nelson Bay,AU,-32.7167,152.15,71.11,78,100,17.0,overcast clouds
339,Faanui,PF,-16.4833,-151.75,81.54,73,76,13.56,light rain
340,Henties Bay,NA,-22.116,14.2845,62.85,86,62,8.97,broken clouds
341,Loralai,PK,30.3705,68.598,38.48,20,1,2.3,clear sky
342,Salamiyah,SY,35.0113,37.0532,44.29,88,0,7.85,clear sky
343,Saint-Georges,GD,12.0564,-61.7485,76.68,88,40,16.11,light rain
344,Artyom,AZ,40.4723,50.333,46.54,86,100,26.28,overcast clouds
345,Prince Rupert,CA,54.3161,-130.3201,40.69,81,75,8.05,broken clouds
346,Bubaque,GW,11.2833,-15.8333,78.04,74,86,7.63,overcast clouds
347,Sandpoint,US,48.2766,-116.5533,32.14,79,100,12.66,overcast clouds
348,Bayamo,CU,20.3792,-76.6433,70.59,80,0,5.95,clear sky
349,Leiyang,CN,26.4024,112.8591,55.35,60,100,5.01,overcast clouds
350,Myatlevo,RU,54.8969,35.6762,24.64,93,100,3.42,overcast clouds
351,Oksfjord,NO,70.2396,22.3479,24.98,84,10,9.26,clear sky
352,Pahrump,US,36.2083,-115.9839,52.95,71,50,15.01,scattered clouds
353,Liberal,US,37.0431,-100.921,32.14,51,0,10.36,clear sky
354,Yar-Sale,RU,66.8333,70.8333,-4.22,97,100,18.14,light snow
355,Pisco,PE,-13.7,-76.2167,69.85,88,0,0.0,clear sky
356,Bridlington,GB,54.0831,-0.1919,49.93,78,87,18.7,overcast clouds
357,Vardo,NO,70.3705,31.1107,31.98,55,75,16.11,broken clouds
358,Lompoc,US,34.6391,-120.4579,59.14,91,100,19.57,overcast clouds
359,Yangcun,CN,39.3639,117.0603,31.98,44,0,5.06,clear sky
360,Aswan,EG,24.0934,32.907,51.1,81,0,6.91,clear sky
361,Ponta Delgada,PT,37.7333,-25.6667,61.52,94,75,16.11,light rain
362,Lander,US,42.833,-108.7307,30.79,78,0,0.0,clear sky
363,Malysheva,RU,57.1185,61.4035,-15.0,100,67,2.71,broken clouds
364,Tuatapere,NZ,-46.1333,167.6833,68.38,70,100,2.75,overcast clouds
365,Coahuayana,MX,18.7333,-103.6833,71.96,81,0,2.21,clear sky
366,Knysna,ZA,-34.0363,23.0471,60.37,92,100,6.35,moderate rain
367,Yulara,AU,-25.2406,130.9889,87.01,27,17,14.25,few clouds
368,Mbalmayo,CM,3.5167,11.5,66.52,99,59,2.51,light rain
369,Constanta,RO,44.1833,28.65,38.08,86,36,10.87,scattered clouds
370,Palmer,US,42.1584,-72.3287,46.85,88,100,6.91,light intensity drizzle
371,Ullapool,GB,57.8987,-5.1604,41.34,85,72,6.15,broken clouds
372,Rawdon,CA,46.0501,-73.7159,29.1,64,100,11.36,light snow
373,Cap Malheureux,MU,-19.9842,57.6142,75.47,82,28,4.0,light rain
374,Frolovo,RU,49.7713,43.6622,30.38,79,89,9.15,overcast clouds
375,Boca Do Acre,BR,-8.7522,-67.3978,72.12,99,71,2.13,broken clouds
376,Ghatanji,IN,20.1333,78.3167,66.31,58,24,7.92,few clouds
377,Svetlogorsk,BY,52.6333,29.7333,32.94,97,100,14.32,snow
378,Yichang,CN,30.7144,111.2847,55.63,36,23,0.92,few clouds
379,Sechura,PE,-5.5569,-80.8222,68.41,79,100,13.49,overcast clouds
380,Kruisfontein,ZA,-34.0033,24.7314,60.89,89,100,8.81,light rain
381,San Rafael,AR,-34.6177,-68.3301,78.12,19,10,8.39,clear sky
382,Ulladulla,AU,-35.35,150.4667,67.82,55,39,17.13,scattered clouds
383,Egvekinot,RU,66.3167,-179.1667,-18.94,89,99,10.04,overcast clouds
384,Kishapu,TZ,-3.6167,33.8667,65.37,73,58,6.6,broken clouds
385,Zhigansk,RU,66.7697,123.3711,-19.41,97,100,7.14,overcast clouds
386,Soroti,UG,1.7146,33.6111,64.45,58,11,8.05,few clouds
387,Starachowice,PL,51.0374,21.0713,46.65,83,100,20.92,light rain
388,Xuddur,SO,4.1213,43.8894,67.19,86,69,11.54,broken clouds
389,Altay,CN,47.8667,88.1167,14.34,95,100,2.89,overcast clouds
390,Ende,ID,-8.8432,121.6623,85.57,70,47,6.67,scattered clouds
391,La Estancia,MX,20.4167,-100.0667,63.82,52,0,4.47,clear sky
392,Aguimes,ES,27.9054,-15.4461,65.66,77,20,9.22,few clouds
393,Cockburn Town,TC,21.4612,-71.1419,77.97,78,1,22.73,light rain
394,Batemans Bay,AU,-35.7167,150.1833,67.1,51,16,15.28,few clouds
395,Le Moule,GP,16.3332,-61.3473,75.24,72,84,19.86,broken clouds
396,Auki,SB,-8.7676,160.7034,81.59,85,100,10.09,overcast clouds
397,Avera,US,33.194,-82.5271,63.91,87,0,7.72,clear sky
398,Kupang,ID,-10.1667,123.5833,88.38,74,75,13.8,broken clouds
399,Nabire,ID,-3.3667,135.4833,86.09,66,96,4.23,overcast clouds
400,Shuangyang,CN,43.5242,125.6736,17.6,62,0,9.15,clear sky
401,Tatarsk,RU,55.219,75.9828,13.14,96,100,3.47,light snow
402,Rognan,NO,67.0953,15.3878,28.54,85,51,8.9,broken clouds
403,Goderich,CA,43.7501,-81.7165,41.32,93,100,8.05,overcast clouds
404,Tiznit,MA,29.5833,-9.5,54.72,28,2,3.94,clear sky
405,Touros,BR,-5.1989,-35.4608,77.94,80,18,10.65,few clouds
406,Padang,ID,-0.9492,100.3543,82.45,72,98,2.44,overcast clouds
407,Winfield,US,37.2398,-96.9956,38.17,68,0,4.61,clear sky
408,Omsukchan,RU,62.5333,155.8,-30.95,93,15,4.85,few clouds
409,Tura,IN,25.5198,90.2201,65.77,52,0,3.02,clear sky
410,Kursenai,LT,55.985,22.9189,32.25,99,100,8.5,heavy snow
411,Nizwa,OM,22.9333,57.5333,59.2,54,5,0.76,clear sky
412,Flin Flon,CA,54.7682,-101.865,10.24,98,82,4.14,broken clouds
413,Dakar,SN,14.6937,-17.4441,77.88,49,89,15.61,overcast clouds
414,Saint Anthony,US,45.0205,-93.218,31.95,95,100,13.8,snow
415,Iracoubo,GF,5.4802,-53.2011,75.56,91,100,11.34,light rain
416,Seymchan,RU,62.8833,152.4333,-40.16,98,70,0.22,broken clouds
417,Nioro,GM,13.35,-15.75,70.86,22,93,2.98,overcast clouds
418,Buguruslan,RU,53.6554,52.442,-9.47,100,76,2.28,broken clouds
419,Smithers,CA,54.7804,-127.1743,25.12,93,40,3.44,scattered clouds
420,Le Port,RE,-20.9373,55.2919,79.9,91,15,6.06,few clouds
421,Birin,NP,26.8865,88.0718,52.36,48,0,2.53,clear sky
422,Kapit,MY,2.0167,112.9333,86.72,59,44,2.51,scattered clouds
423,Zhuanghe,CN,39.7008,122.9911,25.3,70,2,5.19,clear sky
424,Sabang,ID,5.8933,95.3214,81.0,80,95,19.08,overcast clouds
425,Suluq,LY,31.6682,20.2521,59.32,76,97,7.2,light rain
426,Thinadhoo,MV,0.5333,72.9333,80.31,65,1,5.37,clear sky
427,Pacific Grove,US,36.6177,-121.9166,58.66,88,100,13.0,heavy intensity rain
428,Brae,GB,60.3964,-1.353,44.67,85,80,13.33,light rain
429,Salaga,GH,8.5508,-0.5188,77.41,24,62,3.31,broken clouds
430,Anadyr,RU,64.75,177.4833,-8.9,84,100,8.95,light snow
431,Kitovo,RU,56.8659,41.2825,9.82,98,99,5.59,overcast clouds
432,Port Augusta,AU,-32.5,137.7667,78.26,27,0,17.0,clear sky
433,Sao Gabriel,BR,-30.3364,-54.32,71.2,50,2,15.77,clear sky
434,Redlands,US,34.0556,-117.1825,59.2,82,75,1.01,broken clouds
435,Fare,PF,-16.7,-151.0167,81.81,73,93,13.58,overcast clouds
436,Mao,ES,39.8885,4.2658,50.56,93,0,5.75,clear sky
437,Sayyan,YE,15.1718,44.3244,48.58,47,8,1.79,clear sky
438,San Andres,CO,12.5847,-81.7006,80.62,78,20,12.66,light rain
439,Kenora,CA,49.8167,-94.4337,14.97,92,100,5.75,overcast clouds
440,Katyuzhanka,UA,50.806,30.1376,33.96,96,100,15.5,light snow
441,Guadalupe Y Calvo,MX,26.1,-106.9667,42.8,33,0,4.94,clear sky
442,Polyarnyy,RU,69.1989,33.4478,22.41,75,100,7.56,overcast clouds
443,Udachnyy,RU,66.4167,112.4,-35.55,65,98,1.66,overcast clouds
444,Hearst,CA,49.6835,-83.6665,-0.15,99,57,3.69,broken clouds
445,Antofagasta,CL,-23.65,-70.4,67.28,78,3,1.99,clear sky
446,Victor Harbor,AU,-35.5667,138.6167,69.67,64,5,1.99,clear sky
447,Boda,CF,4.3189,17.4695,79.12,32,97,4.59,overcast clouds
448,Saint-Joseph,RE,-21.3667,55.6167,78.48,78,39,9.55,light rain
449,Manavadar,IN,21.5,70.1333,56.95,35,0,15.93,clear sky
450,Londa,IN,15.4691,74.5191,63.73,64,45,7.81,scattered clouds
451,Leh,IN,34.1667,77.5833,0.05,40,0,3.09,clear sky
452,Safaga,EG,26.7292,33.9365,62.28,67,0,15.59,clear sky
453,Barabinsk,RU,55.3571,78.357,13.78,96,100,5.95,light snow
454,Talcahuano,CL,-36.7167,-73.1167,62.28,82,0,6.91,clear sky
455,Strathpeffer,GB,57.588,-4.5382,37.15,98,49,4.63,scattered clouds
456,Samarai,PG,-10.6167,150.6667,84.74,68,85,2.04,overcast clouds
457,Formosa,AR,-26.1775,-58.1781,76.98,61,0,3.44,clear sky
458,Clarksburg,US,39.2807,-80.3445,58.3,73,20,6.91,few clouds
459,San Juan,AR,-31.5375,-68.5364,83.57,16,0,5.77,clear sky
460,Vargashi,RU,55.3556,65.8467,-2.31,100,88,3.62,overcast clouds
461,Mongoumba,CF,3.6415,18.5936,77.92,44,97,1.14,overcast clouds
462,Lazaro Cardenas,MX,17.9583,-102.2,75.02,75,0,2.84,clear sky
463,Sergeyevka,KZ,53.88,67.4158,7.2,99,97,5.46,overcast clouds
464,Westport,US,41.1415,-73.3579,55.11,90,100,5.99,overcast clouds
465,Tocopilla,CL,-22.092,-70.1979,68.85,68,1,1.74,clear sky
466,Dryden,CA,49.7833,-92.7503,16.09,86,100,8.05,overcast clouds
467,Taltal,CL,-25.4,-70.4833,64.98,85,2,1.92,clear sky
468,Salinopolis,BR,-0.6136,-47.3561,78.85,84,80,9.73,broken clouds
469,San-Pedro,CI,4.7485,-6.6363,75.29,86,47,5.46,scattered clouds
470,Iquitos,PE,-3.7481,-73.2472,77.04,83,0,2.3,clear sky
471,Wilmington,US,34.2257,-77.9447,66.11,83,0,11.5,clear sky
472,Abu Samrah,SY,35.3029,37.1841,43.88,73,0,7.27,clear sky
473,Hami,CN,42.8,93.45,21.33,50,34,6.35,scattered clouds
474,Inuvik,CA,68.3499,-133.7218,4.21,85,40,5.75,light snow
475,Ishigaki,JP,24.3448,124.1572,68.13,83,75,17.27,broken clouds
476,Pak Phanang,TH,8.3511,100.202,86.04,70,88,11.36,overcast clouds
477,Yertsevo,RU,60.7966,40.086,-15.54,99,67,4.59,broken clouds
478,Mehamn,NO,71.0357,27.8492,22.95,100,100,9.22,light snow
479,Vengerovo,RU,55.6848,76.7471,10.45,96,100,2.26,light snow
480,Caucaia,BR,-3.7361,-38.6531,81.03,76,40,11.5,scattered clouds
481,Jalu,LY,29.0331,21.5482,53.65,61,7,7.25,clear sky
482,Gornopravdinsk,RU,60.05,69.9,5.9,96,100,5.35,overcast clouds
483,Kirakira,SB,-10.4544,161.9205,82.76,78,100,9.04,moderate rain
484,Dergachi,RU,51.2328,48.7659,22.41,78,46,7.65,scattered clouds
485,Fairbanks,US,64.8378,-147.7164,-0.06,80,20,4.61,few clouds
486,Nanga Eboko,CM,4.6833,12.3667,63.52,53,24,1.52,few clouds
487,Mandera,KE,3.9366,41.867,73.99,51,91,7.58,overcast clouds
488,Zhangye,CN,38.9342,100.4517,21.99,38,32,3.67,scattered clouds
489,Igbo Ora,NG,7.4333,3.2833,73.29,50,91,1.28,overcast clouds
490,Izhma,RU,65.0083,53.9113,-13.4,100,99,2.53,overcast clouds
491,Bodden Town,KY,19.2833,-81.25,79.93,87,20,9.22,few clouds
492,Vidim,RU,56.4088,103.1106,-2.56,95,100,4.56,overcast clouds
493,Gat,IL,31.61,34.7642,56.39,76,22,4.81,few clouds
494,Monteria,CO,8.748,-75.8814,78.71,83,20,0.0,few clouds
495,Mareeba,AU,-17.0,145.4333,81.32,94,100,5.73,moderate rain
496,Katherine,AU,-14.4667,132.2667,89.92,58,40,12.66,scattered clouds
497,Quatre Cocos,MU,-20.2078,57.7625,75.31,76,62,13.78,light rain
498,Montes Claros,BR,-16.735,-43.8617,71.38,100,0,0.0,clear sky
499,Ossora,RU,59.2353,163.0719,-4.29,82,74,9.24,broken clouds
500,Kamyaran,IR,34.7956,46.9355,34.74,98,99,4.07,overcast clouds
501,Jaffna,LK,9.6685,80.0074,78.55,76,72,12.91,broken clouds
502,Mount Isa,AU,-20.7333,139.5,82.17,65,100,13.8,overcast clouds
503,Iskateley,RU,67.6803,53.1512,-5.33,96,100,16.82,light snow
504,Darovskoy,RU,58.77,47.9564,1.49,98,100,1.79,overcast clouds
505,Flinders,AU,-34.5833,150.8552,72.18,63,86,15.99,overcast clouds
506,Santa Isabel Do Rio Negro,BR,-0.4139,-65.0192,72.23,99,63,2.86,broken clouds
507,Grindavik,IS,63.8424,-22.4338,23.47,68,0,5.75,clear sky
508,Kieta,PG,-6.2167,155.6333,83.35,78,100,11.41,light rain
509,Alyangula,AU,-13.8483,136.4192,86.92,67,100,15.26,overcast clouds
510,La Asuncion,VE,11.0333,-63.8628,78.53,89,98,12.66,light rain
511,Fereydunshahr,IR,32.941,50.121,23.32,98,87,3.2,overcast clouds
512,Kamarion,GR,36.8,25.8167,57.09,73,0,22.1,clear sky
513,Axim,GH,4.8699,-2.2405,77.72,79,96,4.63,overcast clouds
514,Kungur,RU,57.4368,56.9593,-15.48,100,100,3.65,overcast clouds
515,Kavaratti,IN,10.5669,72.642,80.85,67,14,7.4,few clouds
516,Pascagoula,US,30.3658,-88.5561,59.04,95,0,0.0,clear sky
517,Novosergiyevka,RU,52.0934,53.6528,4.08,100,88,4.41,overcast clouds
518,La Huerta,MX,19.4667,-104.65,73.89,72,0,3.31,clear sky
519,Rivadavia,AR,-33.1905,-68.4608,80.15,16,3,8.03,clear sky
520,Marshalltown,US,42.0494,-92.908,28.51,86,100,12.66,snow
521,Sao Felix Do Xingu,BR,-6.6447,-51.995,71.47,98,99,1.01,overcast clouds
522,Solhan,TR,38.9634,41.0293,32.72,43,74,4.61,broken clouds
523,Nakhon Phanom,TH,17.3333,104.4167,71.4,52,16,7.4,few clouds
524,Nemuro,JP,43.3236,145.575,25.45,53,74,16.73,broken clouds
525,Mantua,IT,45.1667,10.7833,49.08,91,96,5.01,overcast clouds
526,Pecos,US,31.4229,-103.4932,56.3,29,0,5.75,clear sky
527,Stanghelle,NO,60.5528,5.7357,33.91,93,100,4.56,light snow
528,Cidreira,BR,-30.1811,-50.2056,69.42,87,0,8.55,clear sky
529,Iwakuni,JP,34.15,132.1833,47.68,43,40,0.0,scattered clouds
530,Acara,BR,-1.9608,-48.1967,72.05,99,61,2.3,broken clouds
531,Maltahohe,NA,-24.8333,16.9833,63.95,44,71,5.84,broken clouds
532,Rio Gallegos,AR,-51.6226,-69.2181,50.05,76,100,19.57,light rain
533,Marzuq,YE,14.4,46.4667,57.6,76,9,6.73,clear sky
534,Chumikan,RU,54.7183,135.315,-2.6,79,99,19.48,overcast clouds
535,Biltine,TD,14.5333,20.9167,62.06,29,39,12.62,scattered clouds
536,Srivardhan,IN,18.0333,73.0167,74.19,59,3,3.15,clear sky
537,Mankapur,IN,27.0333,82.2333,51.73,65,0,5.48,clear sky
538,Chalus,IR,36.655,51.4204,45.86,66,75,2.3,broken clouds
539,Chimbote,PE,-9.0853,-78.5783,68.34,84,100,5.64,overcast clouds
540,Joshimath,IN,30.5667,79.5667,43.81,12,0,10.2,clear sky
541,Bosaso,SO,11.2842,49.1816,73.44,75,23,0.98,few clouds
542,Severnyy,RU,50.677,36.5532,30.24,80,75,8.95,broken clouds
543,Awbari,LY,26.5921,12.7805,48.43,62,0,7.2,clear sky
544,Atherton,GB,53.5237,-2.4935,51.3,87,87,1.99,overcast clouds
545,Upata,VE,8.0086,-62.3989,71.19,97,77,3.13,broken clouds
546,Sindor,RU,62.8629,51.8905,-8.93,99,98,3.67,overcast clouds
547,Yumen,CN,40.2833,97.2,20.68,40,0,20.18,clear sky
548,Bonavista,CA,48.6499,-53.1147,31.53,82,88,22.15,overcast clouds
549,Rapar,IN,23.5667,70.6333,56.71,40,1,10.78,clear sky
550,Choma,ZM,-16.8065,26.9531,63.37,89,100,2.89,overcast clouds
551,Goiatuba,BR,-18.0125,-49.3547,67.93,95,100,7.72,moderate rain
552,Berestechko,UA,50.3605,25.1107,43.0,79,100,21.7,overcast clouds
553,Gorokhovets,RU,56.1947,42.7003,15.58,97,100,4.61,light snow
554,Fethiye,TR,36.6217,29.1164,44.47,32,0,5.3,clear sky
555,Loa Janan,ID,-0.583,117.095,86.02,64,100,3.49,overcast clouds
556,Boa Vista,BR,2.8197,-60.6733,75.18,88,75,4.61,broken clouds
557,Yazman,PK,29.1212,71.7446,51.64,22,0,3.91,clear sky
558,Vanimo,PG,-2.6741,141.3028,83.82,76,52,8.68,broken clouds
559,Naze,JP,28.3667,129.4833,59.92,58,1,12.95,clear sky
560,Aberfeldy,GB,56.62,-3.8645,37.69,99,99,3.09,overcast clouds
561,Labranzagrande,CO,5.5622,-72.575,66.61,94,96,1.21,overcast clouds
562,Havoysund,NO,70.9963,24.6622,30.43,85,72,6.06,broken clouds
563,Daru,PG,-9.0763,143.2092,90.9,53,99,6.11,overcast clouds
564,Verkhnyaya Toyma,RU,62.2349,44.9985,-15.48,97,87,3.67,overcast clouds
565,Qasigiannguit,GL,68.8193,-51.1922,-17.1,75,14,4.81,few clouds
566,Beyneu,KZ,45.3167,55.2,37.33,94,100,7.83,overcast clouds
567,Kununurra,AU,-15.7667,128.7333,87.78,66,100,9.22,overcast clouds
568,Pouembout,NC,-21.1333,164.9,85.5,61,70,7.47,broken clouds
569,Roald,NO,62.5833,6.1333,38.32,52,100,19.57,overcast clouds
570,Solnechnyy,RU,50.7214,136.6319,2.05,80,33,3.42,scattered clouds
571,Unity,CA,52.4501,-109.1682,-0.74,96,41,5.1,scattered clouds
572,Harrison,US,30.4091,-89.0436,59.05,86,0,0.0,clear sky
573,Marion,US,39.7684,-86.1555,40.03,75,100,11.5,overcast clouds
574,Svetlyy,RU,54.675,20.1347,46.45,95,100,18.52,overcast clouds
575,Damietta,EG,31.4165,31.8133,60.69,68,0,9.51,clear sky
576,Mount Darwin,ZW,-16.7725,31.5838,66.85,88,100,2.68,overcast clouds
577,Hay River,CA,60.8156,-115.7999,1.38,85,75,4.61,broken clouds
578,Alamosa,US,37.4695,-105.87,21.18,63,0,11.5,clear sky
579,Marsabit,KE,2.3284,37.9899,63.37,58,67,10.07,broken clouds
580,Luena,AO,-11.7833,19.9167,61.68,96,100,4.14,overcast clouds
581,Moerai,PF,-22.4333,-151.3333,75.76,87,99,9.37,light rain
582,Channel-Port Aux Basques,CA,47.5702,-59.1367,27.03,68,79,24.11,broken clouds
583,Aguadilla,PR,18.4275,-67.1541,75.74,87,61,3.0,broken clouds
584,San Lazaro,BZ,18.0387,-88.6622,72.23,97,1,4.21,clear sky
585,Jumla,NP,29.2747,82.1838,40.3,10,0,5.14,clear sky
586,Oia,PT,40.5426,-8.5386,43.93,76,4,5.17,clear sky
587,Teya,RU,60.3778,92.6267,-2.99,100,89,3.8,overcast clouds
588,Jiuquan,CN,39.7432,98.5174,24.91,32,25,4.61,scattered clouds
589,Ajuchitlan,MX,20.7167,-100.0167,63.79,56,0,6.24,clear sky
590,Burnie,AU,-41.0667,145.9167,63.95,66,73,8.05,broken clouds
591,Okha,RU,53.5739,142.9478,19.56,93,100,17.63,overcast clouds
592,Bambanglipuro,ID,-7.95,110.2833,78.78,84,100,8.57,overcast clouds
593,Sfantu Gheorghe,RO,45.8667,25.7833,41.27,91,91,3.51,overcast clouds
594,Hammerfest,NO,70.6634,23.6821,18.05,86,40,0.0,scattered clouds
595,Port Hardy,CA,50.6996,-127.4199,44.78,70,100,20.71,overcast clouds
596,Monte Alegre De Sergipe,BR,-10.0272,-37.5622,72.1,83,39,8.57,scattered clouds
597,Honningsvag,NO,70.9821,25.9704,29.95,86,100,4.61,overcast clouds
598,Port Shepstone,ZA,-30.7414,30.455,70.36,90,100,10.04,light rain
599,Macas,EC,-2.3167,-78.1167,67.01,99,78,1.83,light rain
600,Constantine,DZ,36.365,6.6147,47.61,93,75,3.44,light rain
601,Moron,AR,-34.6534,-58.6198,73.96,59,0,7.83,clear sky
602,Tambun,ID,-6.2641,107.0712,89.29,53,100,8.34,overcast clouds
603,Bone,DE,51.9669,12.1396,50.25,84,93,21.52,overcast clouds
604,Kautokeino,NO,69.0125,23.0412,0.03,100,100,3.76,overcast clouds
605,Ketchikan,US,55.3422,-131.6461,42.78,75,20,5.75,few clouds
606,Shatsk,RU,54.0258,41.7119,27.05,94,100,13.91,light snow
607,Karasuk,RU,53.7377,78.0403,26.69,96,100,12.37,light snow
608,Port-Gentil,GA,-0.7193,8.7815,78.08,84,90,14.43,overcast clouds
609,Maputo,MZ,-25.9653,32.5892,73.65,95,98,7.4,light rain
610,Keetmanshoop,NA,-26.5833,18.1333,57.34,61,32,14.14,scattered clouds
611,Koungou,YT,-12.7336,45.2042,82.11,78,40,11.5,scattered clouds
612,Bagdarin,RU,54.4333,113.6,-1.82,84,100,0.56,overcast clouds
613,Cocorit,MX,27.5833,-109.9667,65.1,35,0,6.62,clear sky
614,Buchanan,LR,5.8808,-10.0467,75.4,82,44,1.68,scattered clouds
615,Tuy Hoa,VN,13.0833,109.3,72.55,93,100,19.82,overcast clouds
616,Darhan,MN,49.4867,105.9228,-5.73,91,100,1.9,overcast clouds
617,Walvis Bay,NA,-22.9575,14.5053,64.09,88,50,4.61,scattered clouds
618,Edremit,TR,39.5961,27.0244,49.06,90,72,6.78,broken clouds
619,Tilichiki,RU,60.4667,166.1,-22.25,92,66,11.27,broken clouds
620,Porto Belo,BR,-27.1578,-48.5531,67.95,83,45,5.14,scattered clouds
621,Rassvet,RU,46.8333,40.75,32.25,84,11,8.14,few clouds
622,Inhambane,MZ,-23.865,35.3833,78.39,84,64,7.09,broken clouds
623,Rabo De Peixe,PT,37.8,-25.5833,60.31,94,75,16.11,light rain
624,Adrar,MR,20.5022,-10.0711,57.07,21,95,10.63,overcast clouds
625,Jonesboro,US,35.8423,-90.7043,44.42,65,0,5.75,clear sky
626,Dzerzhinsk,RU,56.2389,43.4631,17.42,93,100,4.47,light snow
627,Kirovskiy,RU,45.0917,133.5136,9.7,78,3,4.94,clear sky
628,Pudozh,RU,61.8099,36.5345,-18.44,100,44,2.26,scattered clouds
629,Biak,ID,-0.9131,122.8766,84.04,66,100,1.36,overcast clouds
630,Muli,MV,2.9167,73.5667,81.34,62,46,12.26,scattered clouds
631,Broome,US,42.2506,-75.833,57.7,89,100,8.05,overcast clouds
632,Galveston,US,29.3669,-94.9669,60.94,82,0,4.61,clear sky
633,La Rioja,ES,42.25,-2.5,28.18,84,11,4.97,few clouds
634,Galesong,ID,-5.3166,119.3661,75.22,88,100,6.89,light rain
635,Uchaly,RU,54.2996,59.4521,-6.0,100,68,3.4,broken clouds
636,Imbituba,BR,-28.24,-48.6703,65.46,85,18,3.49,few clouds
637,Sainte-Claire,CA,46.6006,-70.8649,25.12,74,100,5.01,overcast clouds
638,Quesnel,CA,52.9999,-122.5029,7.3,92,0,0.0,mist
639,El Alto,PE,-4.2714,-81.2147,69.46,78,100,11.52,overcast clouds
640,Bernalillo,US,35.05,-106.6673,38.97,59,7,3.0,clear sky
641,Ankpa,NG,7.3706,7.6253,70.27,34,74,3.27,broken clouds
642,Haljala,EE,59.4336,26.2614,23.97,75,100,13.49,overcast clouds
643,Akdepe,TM,42.0551,59.3788,32.09,43,100,9.24,overcast clouds
644,Mangrol,IN,21.1167,70.1167,60.17,42,0,15.14,clear sky
645,Moussoro,TD,13.6408,16.4901,62.29,27,8,14.97,clear sky
646,Churapcha,RU,62.0025,132.4325,-18.71,99,100,2.73,overcast clouds
647,Yuancheng,CN,36.652,107.7896,33.71,55,100,3.91,overcast clouds
648,Canguaretama,BR,-6.38,-35.1289,76.26,82,23,7.07,few clouds
649,Banjar,ID,-8.19,114.9675,84.99,70,65,6.55,broken clouds
650,Micheweni,TZ,-4.9667,39.8333,80.15,79,81,10.42,light rain
651,Chor,PK,25.5167,69.7667,51.33,23,0,9.26,clear sky
652,Rovenki,UA,48.0833,39.3776,28.42,82,22,5.99,few clouds
653,Batticaloa,LK,7.7102,81.6924,79.23,78,53,9.17,broken clouds
654,Pokrovka,KG,42.3414,78.0056,24.84,64,78,9.15,broken clouds
655,Alberton,CA,46.8168,-64.0654,30.33,65,100,17.58,overcast clouds
656,Tenenkou,ML,14.4572,-4.9169,64.31,23,11,9.64,few clouds
657,Ixtapa,MX,20.7,-105.2,67.24,83,0,2.3,clear sky
658,Akmene,LT,56.25,22.75,32.34,99,100,12.26,snow
659,Mayya,RU,61.7333,130.2811,-19.1,98,99,1.92,overcast clouds
660,Uruguaiana,BR,-29.7547,-57.0883,76.93,44,0,12.66,clear sky
661,Miri,MY,4.4148,114.0089,86.14,70,20,6.91,few clouds
662,Coachella,US,33.6803,-116.1739,62.87,67,53,1.43,broken clouds
